Node A Name,Node B Name,# Connections,# Connections Unique,Type
Node A Name,Node B Name,0,0,Node A Name
DSCore.List.Transpose@var[]..[],DSOffice.Data.ExportExcel@string_string_int_int_var[][]_bool,0,0,DSCore
DSOffice.Data.ImportExcel@var_string_bool_bool,DSCore.List.Transpose@var[]..[],0,0,DSOffice
DSCore.List.Transpose@var[]..[],DSCore.List.GetItemAtIndex@var[]..[]_int,1,1,DSCore
DSCore.List.GetItemAtIndex@var[]..[]_int,Revit.Elements.Element.SetParameterByName@string_var,0,0,DSCore
DSCore.List.GetItemAtIndex@var[]..[]_int,Revit.Elements.Element.SetParameterByName@string_var,0,0,DSCore
DSCore.Math.Sum@double[],/@var[]..[]_var[]..[],0,0,DSCore
GetValues@var[]..[],DSCore.Math.Sum@double[],0,0,GetValues@var[]
DSCore.Math.Sum@double[],/@var[]..[]_var[]..[],0,0,DSCore
GetValues@var[]..[],DSCore.Math.Sum@double[],0,0,GetValues@var[]
1db71931-aac7-4e82-b5b8-5c7bcf16332f,DSCore.List.FilterByBoolMask@var[]..[]_var[]..[],0,0,1db71931-aac7-4e82-b5b8-5c7bcf16332f
1db71931-aac7-4e82-b5b8-5c7bcf16332f,==@var[]..[]_var[]..[],0,0,1db71931-aac7-4e82-b5b8-5c7bcf16332f
==@var[]..[]_var[]..[],DSCore.List.FilterByBoolMask@var[]..[]_var[]..[],0,0,==@var[]
DSCore.List.FilterByBoolMask@var[]..[]_var[]..[],archilab.Revit.Selection.Select.ByElementId@var,0,0,DSCore
a8b0f382-e8bc-4198-93af-a93c1afcf265,DSCore.List.FilterByBoolMask@var[]..[]_var[]..[],1,1,a8b0f382-e8bc-4198-93af-a93c1afcf265
b223cace-86e4-435e-8e6c-94a60e29ecb6,1db71931-aac7-4e82-b5b8-5c7bcf16332f,1,1,b223cace-86e4-435e-8e6c-94a60e29ecb6
_UI.MultipleInputForm_++,5c6eba64-17ff-4764-9134-0afcdb6716a4,1,1,_UI
5c6eba64-17ff-4764-9134-0afcdb6716a4,b223cace-86e4-435e-8e6c-94a60e29ecb6,0,0,5c6eba64-17ff-4764-9134-0afcdb6716a4
_UI.FilePath_Data,_UI.MultipleInputForm_++,0,0,_UI
1db71931-aac7-4e82-b5b8-5c7bcf16332f,==@var[]..[]_var[]..[],0,0,1db71931-aac7-4e82-b5b8-5c7bcf16332f
DSCore.List.FilterByBoolMask@var[]..[]_var[]..[],_UI.Listview_Data,1,0,DSCore
==@var[]..[]_var[]..[],DSCore.List.FilterByBoolMask@var[]..[]_var[]..[],0,0,==@var[]
_UI.MultipleInputForm_++,DSCore.List.GetItemAtIndex@var[]..[]_int,1,1,_UI
DSCore.List.FilterByBoolMask@var[]..[]_var[]..[],_UI.Listview_Data,1,0,DSCore
==@var[]..[]_var[]..[],DSCore.List.FilterByBoolMask@var[]..[]_var[]..[],0,0,==@var[]
1db71931-aac7-4e82-b5b8-5c7bcf16332f,==@var[]..[]_var[]..[],0,0,1db71931-aac7-4e82-b5b8-5c7bcf16332f
DSCore.List.GetItemAtIndex@var[]..[]_int,Revit.Elements.Element.SetParameterByName@string_var,0,0,DSCore
DSCore.List.GetItemAtIndex@var[]..[]_int,Revit.Elements.Element.SetParameterByName@string_var,0,0,DSCore
DSCore.List.FilterByBoolMask@var[]..[]_var[]..[],_UI.Listview_Data,1,0,DSCore
==@var[]..[]_var[]..[],DSCore.List.FilterByBoolMask@var[]..[]_var[]..[],0,0,==@var[]
1db71931-aac7-4e82-b5b8-5c7bcf16332f,==@var[]..[]_var[]..[],0,0,1db71931-aac7-4e82-b5b8-5c7bcf16332f
DSCore.List.FilterByBoolMask@var[]..[]_var[]..[],_UI.Listview_Data,1,0,DSCore
==@var[]..[]_var[]..[],DSCore.List.FilterByBoolMask@var[]..[]_var[]..[],0,0,==@var[]
1db71931-aac7-4e82-b5b8-5c7bcf16332f,==@var[]..[]_var[]..[],0,0,1db71931-aac7-4e82-b5b8-5c7bcf16332f
DSCore.List.FilterByBoolMask@var[]..[]_var[]..[],_UI.Listview_Data,1,0,DSCore
==@var[]..[]_var[]..[],DSCore.List.FilterByBoolMask@var[]..[]_var[]..[],0,0,==@var[]
1db71931-aac7-4e82-b5b8-5c7bcf16332f,==@var[]..[]_var[]..[],0,0,1db71931-aac7-4e82-b5b8-5c7bcf16332f
DSCore.List.GetItemAtIndex@var[]..[]_int,Revit.Elements.Element.SetParameterByName@string_var,0,0,DSCore
DSCore.List.GetItemAtIndex@var[]..[]_int,Revit.Elements.Element.SetParameterByName@string_var,0,0,DSCore
DSCore.List.GetItemAtIndex@var[]..[]_int,Revit.Elements.Element.SetParameterByName@string_var,0,0,DSCore
DSCore.IO.Image.ReadFromFile@var,_UI.MultipleInputForm_++,1,0,DSCore
DSCore.IO.Image.ReadFromFile@var,_UI.MultipleInputForm_++,0,0,DSCore
1db71931-aac7-4e82-b5b8-5c7bcf16332f,==@var[]..[]_var[]..[],1,1,1db71931-aac7-4e82-b5b8-5c7bcf16332f
==@var[]..[]_var[]..[],DSCore.List.FilterByBoolMask@var[]..[]_var[]..[],0,0,==@var[]
DSCore.List.FilterByBoolMask@var[]..[]_var[]..[],DSCore.List.Flatten@var[]..[]_int,0,0,DSCore
DSCore.List.Flatten@var[]..[]_int,+@var[]..[]_var[]..[],0,0,DSCore
archilab.Revit.Selection.Select.ByElementId@var,a8b0f382-e8bc-4198-93af-a93c1afcf265,0,0,archilab
Revit.Elements.CurveElement.Curve,Autodesk.DesignScript.Geometry.Curve.PointsAtEqualSegmentLength@int,1,0,Revit
Autodesk.DesignScript.Geometry.Curve.PointsAtEqualSegmentLength@int,DSCore.List.Flatten@var[]..[]_int,1,1,Autodesk
DSCore.List.Flatten@var[]..[]_int,DSCore.List.UniqueItems@var[]..[],1,0,DSCore
92960965-5bfc-41ab-9ceb-d61917dfe6c5,a2d5ef3c-b3a2-403f-8b95-fd94457ce395,0,0,92960965-5bfc-41ab-9ceb-d61917dfe6c5
Autodesk.DesignScript.Geometry.Plane.ByOriginNormal@Autodesk.DesignScript.Geometry.Point_Autodesk.DesignScript.Geometry.Vector,_BoundingBox.PerimeterCurvesOnPlane,0,0,Autodesk
Autodesk.DesignScript.Geometry.BoundingBox.ByGeometry@Autodesk.DesignScript.Geometry.Geometry[],DSCore.List.Flatten@var[]..[]_int,0,0,Autodesk
DSCore.List.Flatten@var[]..[]_int,Autodesk.DesignScript.Geometry.BoundingBox.Contains@Autodesk.DesignScript.Geometry.Point,0,0,DSCore
1db71931-aac7-4e82-b5b8-5c7bcf16332f,2c408f1b-9655-4d54-8984-c9062c87b41d,0,0,1db71931-aac7-4e82-b5b8-5c7bcf16332f
2c408f1b-9655-4d54-8984-c9062c87b41d,DSCore.String.ToNumber@string,0,0,2c408f1b-9655-4d54-8984-c9062c87b41d
Geometry.Points.NumbersToPoint@double[],DSCore.List.Flatten@var[]..[]_int,0,0,Geometry
DSCore.List.Flatten@var[]..[]_int,Autodesk.DesignScript.Geometry.Geometry.Translate@double_double_double,0,0,DSCore
Autodesk.DesignScript.Geometry.Geometry.Translate@double_double_double,Autodesk.DesignScript.Geometry.Geometry.Rotate@Autodesk.DesignScript.Geometry.Point_Autodesk.DesignScript.Geometry.Vector_double,0,0,Autodesk
Autodesk.DesignScript.Geometry.Geometry.Rotate@Autodesk.DesignScript.Geometry.Point_Autodesk.DesignScript.Geometry.Vector_double,Revit.Elements.FamilyInstance.ByPoint@Revit.Elements.FamilyType_Autodesk.DesignScript.Geometry.Point,0,0,Autodesk
Autodesk.DesignScript.Geometry.Vector.ZAxis,Autodesk.DesignScript.Geometry.Geometry.Rotate@Autodesk.DesignScript.Geometry.Point_Autodesk.DesignScript.Geometry.Vector_double,0,0,Autodesk
Autodesk.DesignScript.Geometry.Point.Origin,Autodesk.DesignScript.Geometry.Geometry.Rotate@Autodesk.DesignScript.Geometry.Point_Autodesk.DesignScript.Geometry.Vector_double,0,0,Autodesk
_All_Family_Types_Of_Category,DSCore.List.FilterByBoolMask@var[]..[]_var[]..[],0,0,_All_Family_Types_Of_Category
DSCore.String.Contains@string_string_bool,DSCore.List.FilterByBoolMask@var[]..[]_var[]..[],0,0,DSCore
DSCore.List.FilterByBoolMask@var[]..[]_var[]..[],_UI.Listview_Data,1,0,DSCore
DSCore.List.GetItemAtIndex@var[]..[]_int,b223cace-86e4-435e-8e6c-94a60e29ecb6,0,0,DSCore
DSCore.List.GetItemAtIndex@var[]..[]_int,Revit.Elements.FamilyInstance.ByPoint@Revit.Elements.FamilyType_Autodesk.DesignScript.Geometry.Point,0,0,DSCore
Revit.Elements.Element.GetParameterValueByName@string,DSCore.List.Flatten@var[]..[]_int,1,0,Revit
DSCore.List.Flatten@var[]..[]_int,DSCore.List.FirstIndexOf@var[]..[]_var,1,1,DSCore
DSCore.List.Flatten@var[]..[]_int,DSCore.List.FirstIndexOf@var[]..[]_var,1,1,DSCore
DSCore.List.Flatten@var[]..[]_int,DSCore.List.GetItemAtIndex@var[]..[]_int,1,1,DSCore
_Document.ActiveViewFromCurrentDocument,_Schedule.GetCalculatedValues,1,1,_Document
DSCore.IO.Image.ReadFromFile@var,_UI.MultipleInputForm_++,0,0,DSCore
_UI.MultipleInputForm_++,DSCore.List.GetItemAtIndex@var[]..[]_int,1,1,_UI
Revit.Elements.Views.ScheduleView.Fields,_UI.DropDown_Data,1,1,Revit
_Math.Ceiling+,/@var[]..[]_var[]..[],0,0,_Math
/@var[]..[]_var[]..[],Revit.Elements.Element.SetParameterByName@string_var,0,0,/@var[]
DSCore.String.ToNumber@string,_Math.Ceiling+,0,0,DSCore
DSCore.List.FirstIndexOf@var[]..[]_var,DSCore.List.GetItemAtIndex@var[]..[]_int,0,0,DSCore
DSCore.List.GetItemAtIndex@var[]..[]_int,DSCore.String.ToNumber@string,0,0,DSCore
Revit.Elements.Element.GetParameterValueByName@string,DSCore.String.Substring@string_int_int,0,0,Revit
DSCore.String.Join@string_string[],DSCore.List.Flatten@var[]..[]_int,0,0,DSCore
DSCore.List.Transpose@var[]..[],DSCore.String.Join@string_string[],0,0,DSCore
DSCore.List.Flatten@var[]..[]_int,Revit.Elements.Element.SetParameterByName@string_var,0,0,DSCore
DSCore.List.GetItemAtIndex@var[]..[]_int,DSCore.String.ToNumber@string,0,0,DSCore
DSCore.List.FirstIndexOf@var[]..[]_var,DSCore.List.GetItemAtIndex@var[]..[]_int,0,0,DSCore
DSCore.String.ToNumber@string,_Math.Ceiling+,0,0,DSCore
/@var[]..[]_var[]..[],Revit.Elements.Element.SetParameterByName@string_var,0,0,/@var[]
_Math.Ceiling+,/@var[]..[]_var[]..[],0,0,_Math
DSCore.List.FirstIndexOf@var[]..[]_var,DSCore.List.GetItemAtIndex@var[]..[]_int,0,0,DSCore
DSCore.List.GetItemAtIndex@var[]..[]_int,*@var[]..[]_var[]..[],0,0,DSCore
6cf7f3b9-69ab-40da-b41c-62068370e1b8,DSCore.List.GetItemAtIndex@var[]..[]_int,1,1,6cf7f3b9-69ab-40da-b41c-62068370e1b8
DSCore.List.GetItemAtIndex@var[]..[]_int,DSCore.List.FirstIndexOf@var[]..[]_var,1,1,DSCore
DSCore.List.GetItemAtIndex@var[]..[]_int,DSCore.List.GetItemAtIndex@var[]..[]_int,0,0,DSCore
DSCore.List.FirstIndexOf@var[]..[]_var,DSCore.List.GetItemAtIndex@var[]..[]_int,0,0,DSCore
6cf7f3b9-69ab-40da-b41c-62068370e1b8,DSCore.List.Flatten@var[]..[]_int,0,0,6cf7f3b9-69ab-40da-b41c-62068370e1b8
DSCore.List.Flatten@var[]..[]_int,DSCore.List.FirstIndexOf@var[]..[]_var,0,0,DSCore
DSCore.List.FirstIndexOf@var[]..[]_var,DSCore.List.GetItemAtIndex@var[]..[]_int,0,0,DSCore
DSCore.List.GetItemAtIndex@var[]..[]_int,*@var[]..[]_var[]..[],0,0,DSCore
DSCore.List.GetItemAtIndex@var[]..[]_int,DSCore.List.GetItemAtIndex@var[]..[]_int,0,0,DSCore
DSCore.List.FirstIndexOf@var[]..[]_var,DSCore.List.GetItemAtIndex@var[]..[]_int,0,0,DSCore
6cf7f3b9-69ab-40da-b41c-62068370e1b8,DSCore.List.Flatten@var[]..[]_int,0,0,6cf7f3b9-69ab-40da-b41c-62068370e1b8
DSCore.List.Flatten@var[]..[]_int,DSCore.List.FirstIndexOf@var[]..[]_var,0,0,DSCore
DSCore.List.FirstIndexOf@var[]..[]_var,DSCore.List.GetItemAtIndex@var[]..[]_int,0,0,DSCore
DSCore.List.GetItemAtIndex@var[]..[]_int,*@var[]..[]_var[]..[],0,0,DSCore
DSCore.List.GetItemAtIndex@var[]..[]_int,DSCore.List.GetItemAtIndex@var[]..[]_int,0,0,DSCore
DSCore.List.FirstIndexOf@var[]..[]_var,DSCore.List.GetItemAtIndex@var[]..[]_int,0,0,DSCore
6cf7f3b9-69ab-40da-b41c-62068370e1b8,DSCore.List.Flatten@var[]..[]_int,0,0,6cf7f3b9-69ab-40da-b41c-62068370e1b8
DSCore.List.Flatten@var[]..[]_int,DSCore.List.FirstIndexOf@var[]..[]_var,0,0,DSCore
*@var[]..[]_var[]..[],Revit.Elements.Element.SetParameterByName@string_var,0,0,*@var[]
*@var[]..[]_var[]..[],Revit.Elements.Element.SetParameterByName@string_var,0,0,*@var[]
*@var[]..[]_var[]..[],Revit.Elements.Element.SetParameterByName@string_var,0,0,*@var[]
DSCore.List.FirstIndexOf@var[]..[]_var,DSCore.List.GetItemAtIndex@var[]..[]_int,0,0,DSCore
DSCore.List.GetItemAtIndex@var[]..[]_int,*@var[]..[]_var[]..[],0,0,DSCore
DSCore.List.GetItemAtIndex@var[]..[]_int,DSCore.List.GetItemAtIndex@var[]..[]_int,0,0,DSCore
DSCore.List.FirstIndexOf@var[]..[]_var,DSCore.List.GetItemAtIndex@var[]..[]_int,0,0,DSCore
6cf7f3b9-69ab-40da-b41c-62068370e1b8,DSCore.List.Flatten@var[]..[]_int,0,0,6cf7f3b9-69ab-40da-b41c-62068370e1b8
DSCore.List.Flatten@var[]..[]_int,DSCore.List.FirstIndexOf@var[]..[]_var,0,0,DSCore
*@var[]..[]_var[]..[],Revit.Elements.Element.SetParameterByName@string_var,0,0,*@var[]
DSCore.List.FirstIndexOf@var[]..[]_var,DSCore.List.GetItemAtIndex@var[]..[]_int,0,0,DSCore
DSCore.List.GetItemAtIndex@var[]..[]_int,*@var[]..[]_var[]..[],0,0,DSCore
DSCore.List.GetItemAtIndex@var[]..[]_int,DSCore.List.GetItemAtIndex@var[]..[]_int,0,0,DSCore
DSCore.List.FirstIndexOf@var[]..[]_var,DSCore.List.GetItemAtIndex@var[]..[]_int,0,0,DSCore
6cf7f3b9-69ab-40da-b41c-62068370e1b8,DSCore.List.Flatten@var[]..[]_int,0,0,6cf7f3b9-69ab-40da-b41c-62068370e1b8
DSCore.List.Flatten@var[]..[]_int,DSCore.List.FirstIndexOf@var[]..[]_var,0,0,DSCore
*@var[]..[]_var[]..[],Revit.Elements.Element.SetParameterByName@string_var,0,0,*@var[]
6cf7f3b9-69ab-40da-b41c-62068370e1b8,DSCore.List.GetItemAtIndex@var[]..[]_int,1,1,6cf7f3b9-69ab-40da-b41c-62068370e1b8
DSCore.List.GetItemAtIndex@var[]..[]_int,DSCore.List.FirstIndexOf@var[]..[]_var,1,1,DSCore
DSCore.List.FirstIndexOf@var[]..[]_var,DSCore.List.GetItemAtIndex@var[]..[]_int,0,0,DSCore
DSCore.List.GetItemAtIndex@var[]..[]_int,Revit.Elements.Element.SetParameterByName@string_var,0,0,DSCore
DSCore.List.GetItemAtIndex@var[]..[]_int,DSCore.List.GetItemAtIndex@var[]..[]_int,0,0,DSCore
DSCore.List.FirstIndexOf@var[]..[]_var,DSCore.List.GetItemAtIndex@var[]..[]_int,0,0,DSCore
6cf7f3b9-69ab-40da-b41c-62068370e1b8,DSCore.List.Flatten@var[]..[]_int,0,0,6cf7f3b9-69ab-40da-b41c-62068370e1b8
DSCore.List.Flatten@var[]..[]_int,DSCore.List.FirstIndexOf@var[]..[]_var,0,0,DSCore
DSCore.List.FirstIndexOf@var[]..[]_var,DSCore.List.GetItemAtIndex@var[]..[]_int,0,0,DSCore
DSCore.List.GetItemAtIndex@var[]..[]_int,Revit.Elements.Element.SetParameterByName@string_var,0,0,DSCore
DSCore.List.GetItemAtIndex@var[]..[]_int,DSCore.List.GetItemAtIndex@var[]..[]_int,0,0,DSCore
DSCore.List.FirstIndexOf@var[]..[]_var,DSCore.List.GetItemAtIndex@var[]..[]_int,0,0,DSCore
6cf7f3b9-69ab-40da-b41c-62068370e1b8,DSCore.List.Flatten@var[]..[]_int,0,0,6cf7f3b9-69ab-40da-b41c-62068370e1b8
DSCore.List.Flatten@var[]..[]_int,DSCore.List.FirstIndexOf@var[]..[]_var,0,0,DSCore
DSCore.List.FirstIndexOf@var[]..[]_var,DSCore.List.GetItemAtIndex@var[]..[]_int,0,0,DSCore
DSCore.List.GetItemAtIndex@var[]..[]_int,Revit.Elements.Element.SetParameterByName@string_var,0,0,DSCore
DSCore.List.GetItemAtIndex@var[]..[]_int,DSCore.List.GetItemAtIndex@var[]..[]_int,0,0,DSCore
DSCore.List.FirstIndexOf@var[]..[]_var,DSCore.List.GetItemAtIndex@var[]..[]_int,0,0,DSCore
6cf7f3b9-69ab-40da-b41c-62068370e1b8,DSCore.List.Flatten@var[]..[]_int,0,0,6cf7f3b9-69ab-40da-b41c-62068370e1b8
DSCore.List.Flatten@var[]..[]_int,DSCore.List.FirstIndexOf@var[]..[]_var,0,0,DSCore
DSCore.List.FirstIndexOf@var[]..[]_var,DSCore.List.GetItemAtIndex@var[]..[]_int,0,0,DSCore
DSCore.List.GetItemAtIndex@var[]..[]_int,*@var[]..[]_var[]..[],0,0,DSCore
DSCore.List.GetItemAtIndex@var[]..[]_int,DSCore.List.GetItemAtIndex@var[]..[]_int,0,0,DSCore
DSCore.List.FirstIndexOf@var[]..[]_var,DSCore.List.GetItemAtIndex@var[]..[]_int,0,0,DSCore
6cf7f3b9-69ab-40da-b41c-62068370e1b8,DSCore.List.Flatten@var[]..[]_int,0,0,6cf7f3b9-69ab-40da-b41c-62068370e1b8
DSCore.List.Flatten@var[]..[]_int,DSCore.List.FirstIndexOf@var[]..[]_var,0,0,DSCore
*@var[]..[]_var[]..[],Revit.Elements.Element.SetParameterByName@string_var,0,0,*@var[]
DSCore.List.FirstIndexOf@var[]..[]_var,DSCore.List.GetItemAtIndex@var[]..[]_int,0,0,DSCore
DSCore.List.GetItemAtIndex@var[]..[]_int,Revit.Elements.Element.SetParameterByName@string_var,0,0,DSCore
DSCore.List.GetItemAtIndex@var[]..[]_int,DSCore.List.GetItemAtIndex@var[]..[]_int,0,0,DSCore
DSCore.List.FirstIndexOf@var[]..[]_var,DSCore.List.GetItemAtIndex@var[]..[]_int,0,0,DSCore
6cf7f3b9-69ab-40da-b41c-62068370e1b8,DSCore.List.Flatten@var[]..[]_int,0,0,6cf7f3b9-69ab-40da-b41c-62068370e1b8
DSCore.List.Flatten@var[]..[]_int,DSCore.List.FirstIndexOf@var[]..[]_var,0,0,DSCore
DSCore.List.FirstIndexOf@var[]..[]_var,DSCore.List.GetItemAtIndex@var[]..[]_int,0,0,DSCore
DSCore.List.GetItemAtIndex@var[]..[]_int,Revit.Elements.Element.SetParameterByName@string_var,0,0,DSCore
DSCore.List.GetItemAtIndex@var[]..[]_int,DSCore.List.GetItemAtIndex@var[]..[]_int,0,0,DSCore
DSCore.List.FirstIndexOf@var[]..[]_var,DSCore.List.GetItemAtIndex@var[]..[]_int,0,0,DSCore
6cf7f3b9-69ab-40da-b41c-62068370e1b8,DSCore.List.Flatten@var[]..[]_int,0,0,6cf7f3b9-69ab-40da-b41c-62068370e1b8
DSCore.List.Flatten@var[]..[]_int,DSCore.List.FirstIndexOf@var[]..[]_var,0,0,DSCore
DSCore.List.FirstIndexOf@var[]..[]_var,DSCore.List.GetItemAtIndex@var[]..[]_int,0,0,DSCore
DSCore.List.GetItemAtIndex@var[]..[]_int,Revit.Elements.Element.SetParameterByName@string_var,0,0,DSCore
DSCore.List.GetItemAtIndex@var[]..[]_int,DSCore.List.GetItemAtIndex@var[]..[]_int,0,0,DSCore
DSCore.List.FirstIndexOf@var[]..[]_var,DSCore.List.GetItemAtIndex@var[]..[]_int,0,0,DSCore
6cf7f3b9-69ab-40da-b41c-62068370e1b8,DSCore.List.Flatten@var[]..[]_int,0,0,6cf7f3b9-69ab-40da-b41c-62068370e1b8
DSCore.List.Flatten@var[]..[]_int,DSCore.List.FirstIndexOf@var[]..[]_var,0,0,DSCore
DSCore.List.FirstIndexOf@var[]..[]_var,DSCore.List.GetItemAtIndex@var[]..[]_int,0,0,DSCore
DSCore.List.GetItemAtIndex@var[]..[]_int,Revit.Elements.Element.SetParameterByName@string_var,0,0,DSCore
DSCore.List.GetItemAtIndex@var[]..[]_int,DSCore.List.GetItemAtIndex@var[]..[]_int,0,0,DSCore
DSCore.List.FirstIndexOf@var[]..[]_var,DSCore.List.GetItemAtIndex@var[]..[]_int,0,0,DSCore
6cf7f3b9-69ab-40da-b41c-62068370e1b8,DSCore.List.Flatten@var[]..[]_int,0,0,6cf7f3b9-69ab-40da-b41c-62068370e1b8
DSCore.List.Flatten@var[]..[]_int,DSCore.List.FirstIndexOf@var[]..[]_var,0,0,DSCore
DSCore.List.FilterByBoolMask@var[]..[]_var[]..[],Revit.Elements.Element.SetParameterByName@string_var,1,1,DSCore
DSCore.List.FilterByBoolMask@var[]..[]_var[]..[],DSCore.List.FirstIndexOf@var[]..[]_var,1,1,DSCore
DSCore.String.Contains@string_string_bool,DSCore.List.FilterByBoolMask@var[]..[]_var[]..[],1,1,DSCore
Revit.Elements.Element.GetParameterValueByName@string,DSCore.String.Contains@string_string_bool,0,0,Revit
Revit.Elements.Element.GetParameterValueByName@string,DSCore.List.FilterByBoolMask@var[]..[]_var[]..[],0,0,Revit
DSCore.List.FirstIndexOf@var[]..[]_var,DSCore.List.GetItemAtIndex@var[]..[]_int,0,0,DSCore
DSCore.List.GetItemAtIndex@var[]..[]_int,*@var[]..[]_var[]..[],0,0,DSCore
DSCore.List.GetItemAtIndex@var[]..[]_int,DSCore.List.GetItemAtIndex@var[]..[]_int,0,0,DSCore
DSCore.List.FirstIndexOf@var[]..[]_var,DSCore.List.GetItemAtIndex@var[]..[]_int,0,0,DSCore
6cf7f3b9-69ab-40da-b41c-62068370e1b8,DSCore.List.Flatten@var[]..[]_int,0,0,6cf7f3b9-69ab-40da-b41c-62068370e1b8
DSCore.List.Flatten@var[]..[]_int,DSCore.List.FirstIndexOf@var[]..[]_var,0,0,DSCore
*@var[]..[]_var[]..[],Revit.Elements.Element.SetParameterByName@string_var,0,0,*@var[]
DSCore.List.FirstIndexOf@var[]..[]_var,DSCore.List.GetItemAtIndex@var[]..[]_int,0,0,DSCore
DSCore.List.GetItemAtIndex@var[]..[]_int,*@var[]..[]_var[]..[],0,0,DSCore
DSCore.List.GetItemAtIndex@var[]..[]_int,DSCore.List.GetItemAtIndex@var[]..[]_int,0,0,DSCore
DSCore.List.FirstIndexOf@var[]..[]_var,DSCore.List.GetItemAtIndex@var[]..[]_int,0,0,DSCore
6cf7f3b9-69ab-40da-b41c-62068370e1b8,DSCore.List.Flatten@var[]..[]_int,0,0,6cf7f3b9-69ab-40da-b41c-62068370e1b8
DSCore.List.Flatten@var[]..[]_int,DSCore.List.FirstIndexOf@var[]..[]_var,0,0,DSCore
*@var[]..[]_var[]..[],Revit.Elements.Element.SetParameterByName@string_var,0,0,*@var[]
DSCore.List.FirstIndexOf@var[]..[]_var,DSCore.List.GetItemAtIndex@var[]..[]_int,0,0,DSCore
DSCore.List.GetItemAtIndex@var[]..[]_int,Revit.Elements.Element.SetParameterByName@string_var,0,0,DSCore
DSCore.List.GetItemAtIndex@var[]..[]_int,DSCore.List.GetItemAtIndex@var[]..[]_int,0,0,DSCore
DSCore.List.FirstIndexOf@var[]..[]_var,DSCore.List.GetItemAtIndex@var[]..[]_int,0,0,DSCore
6cf7f3b9-69ab-40da-b41c-62068370e1b8,DSCore.List.Flatten@var[]..[]_int,0,0,6cf7f3b9-69ab-40da-b41c-62068370e1b8
DSCore.List.Flatten@var[]..[]_int,DSCore.List.FirstIndexOf@var[]..[]_var,0,0,DSCore
DSCore.List.FirstIndexOf@var[]..[]_var,DSCore.List.GetItemAtIndex@var[]..[]_int,0,0,DSCore
DSCore.List.GetItemAtIndex@var[]..[]_int,Revit.Elements.Element.SetParameterByName@string_var,0,0,DSCore
DSCore.List.GetItemAtIndex@var[]..[]_int,DSCore.List.GetItemAtIndex@var[]..[]_int,0,0,DSCore
DSCore.List.FirstIndexOf@var[]..[]_var,DSCore.List.GetItemAtIndex@var[]..[]_int,0,0,DSCore
6cf7f3b9-69ab-40da-b41c-62068370e1b8,DSCore.List.Flatten@var[]..[]_int,0,0,6cf7f3b9-69ab-40da-b41c-62068370e1b8
DSCore.List.Flatten@var[]..[]_int,DSCore.List.FirstIndexOf@var[]..[]_var,0,0,DSCore
DSCore.List.FirstIndexOf@var[]..[]_var,DSCore.List.GetItemAtIndex@var[]..[]_int,0,0,DSCore
DSCore.List.GetItemAtIndex@var[]..[]_int,Revit.Elements.Element.SetParameterByName@string_var,0,0,DSCore
DSCore.List.GetItemAtIndex@var[]..[]_int,DSCore.List.GetItemAtIndex@var[]..[]_int,0,0,DSCore
DSCore.List.FirstIndexOf@var[]..[]_var,DSCore.List.GetItemAtIndex@var[]..[]_int,0,0,DSCore
6cf7f3b9-69ab-40da-b41c-62068370e1b8,DSCore.List.Flatten@var[]..[]_int,0,0,6cf7f3b9-69ab-40da-b41c-62068370e1b8
DSCore.List.Flatten@var[]..[]_int,DSCore.List.FirstIndexOf@var[]..[]_var,0,0,DSCore
DSCore.List.FirstIndexOf@var[]..[]_var,DSCore.List.GetItemAtIndex@var[]..[]_int,0,0,DSCore
DSCore.List.GetItemAtIndex@var[]..[]_int,Revit.Elements.Element.SetParameterByName@string_var,0,0,DSCore
DSCore.List.GetItemAtIndex@var[]..[]_int,DSCore.List.GetItemAtIndex@var[]..[]_int,0,0,DSCore
DSCore.List.FirstIndexOf@var[]..[]_var,DSCore.List.GetItemAtIndex@var[]..[]_int,0,0,DSCore
6cf7f3b9-69ab-40da-b41c-62068370e1b8,DSCore.List.Flatten@var[]..[]_int,0,0,6cf7f3b9-69ab-40da-b41c-62068370e1b8
DSCore.List.Flatten@var[]..[]_int,DSCore.List.FirstIndexOf@var[]..[]_var,0,0,DSCore
DSCore.List.FirstIndexOf@var[]..[]_var,DSCore.List.GetItemAtIndex@var[]..[]_int,0,0,DSCore
DSCore.List.GetItemAtIndex@var[]..[]_int,Revit.Elements.Element.SetParameterByName@string_var,0,0,DSCore
DSCore.List.GetItemAtIndex@var[]..[]_int,DSCore.List.GetItemAtIndex@var[]..[]_int,0,0,DSCore
DSCore.List.FirstIndexOf@var[]..[]_var,DSCore.List.GetItemAtIndex@var[]..[]_int,0,0,DSCore
6cf7f3b9-69ab-40da-b41c-62068370e1b8,DSCore.List.Flatten@var[]..[]_int,0,0,6cf7f3b9-69ab-40da-b41c-62068370e1b8
DSCore.List.Flatten@var[]..[]_int,DSCore.List.FirstIndexOf@var[]..[]_var,0,0,DSCore
DSCore.List.FirstIndexOf@var[]..[]_var,DSCore.List.GetItemAtIndex@var[]..[]_int,0,0,DSCore
DSCore.List.GetItemAtIndex@var[]..[]_int,Revit.Elements.Element.SetParameterByName@string_var,0,0,DSCore
DSCore.List.GetItemAtIndex@var[]..[]_int,DSCore.List.GetItemAtIndex@var[]..[]_int,0,0,DSCore
DSCore.List.FirstIndexOf@var[]..[]_var,DSCore.List.GetItemAtIndex@var[]..[]_int,0,0,DSCore
6cf7f3b9-69ab-40da-b41c-62068370e1b8,DSCore.List.Flatten@var[]..[]_int,0,0,6cf7f3b9-69ab-40da-b41c-62068370e1b8
DSCore.List.Flatten@var[]..[]_int,DSCore.List.FirstIndexOf@var[]..[]_var,0,0,DSCore
DSCore.List.FirstIndexOf@var[]..[]_var,DSCore.List.GetItemAtIndex@var[]..[]_int,0,0,DSCore
DSCore.List.GetItemAtIndex@var[]..[]_int,Revit.Elements.Element.SetParameterByName@string_var,0,0,DSCore
DSCore.List.GetItemAtIndex@var[]..[]_int,DSCore.List.GetItemAtIndex@var[]..[]_int,0,0,DSCore
DSCore.List.FirstIndexOf@var[]..[]_var,DSCore.List.GetItemAtIndex@var[]..[]_int,0,0,DSCore
6cf7f3b9-69ab-40da-b41c-62068370e1b8,DSCore.List.Flatten@var[]..[]_int,0,0,6cf7f3b9-69ab-40da-b41c-62068370e1b8
DSCore.List.Flatten@var[]..[]_int,DSCore.List.FirstIndexOf@var[]..[]_var,0,0,DSCore
DSCore.String.Contains@string_string_bool,DSCore.List.FilterByBoolMask@var[]..[]_var[]..[],0,0,DSCore
Revit.Elements.Element.GetParameterValueByName@string,DSCore.String.Contains@string_string_bool,0,0,Revit
DSCore.List.FilterByBoolMask@var[]..[]_var[]..[],Revit.Elements.Element.GetParameterValueByName@string,0,0,DSCore
DSCore.List.AddItemToFront@var[]..[]_var[]..[],DSOffice.Data.ExportExcel@string_string_int_int_var[][]_bool,1,0,DSCore
DSCore.List.AddItemToEnd@var[]..[]_var[]..[],DSCore.List.AddItemToFront@var[]..[]_var[]..[],1,0,DSCore
DSCore.String.Contains@string_string_bool,DSCore.List.FilterByBoolMask@var[]..[]_var[]..[],1,0,DSCore
Revit.Elements.Element.GetParameterValueByName@string,DSCore.String.Contains@string_string_bool,1,0,Revit
DSCore.List.Flatten@var[]..[]_int,Revit.Elements.Element.SetParameterByName@string_var,0,0,DSCore
_Elements_in_Space,DSCore.List.Flatten@var[]..[]_int,0,0,_Elements_in_Space
DSCore.List.OfRepeatedItem@var[]..[]_int,DSCore.List.Flatten@var[]..[]_int,0,0,DSCore
DSCore.List.Flatten@var[]..[]_int,Revit.Elements.Element.SetParameterByName@string_var,0,0,DSCore
DSCore.List.Flatten@var[]..[]_int,Revit.Elements.Element.SetParameterByName@string_var,0,0,DSCore
_Elements_in_Space,DSCore.List.Flatten@var[]..[]_int,0,0,_Elements_in_Space
DSCore.List.OfRepeatedItem@var[]..[]_int,DSCore.List.Flatten@var[]..[]_int,0,0,DSCore
DSCore.List.Flatten@var[]..[]_int,Revit.Elements.Element.SetParameterByName@string_var,0,0,DSCore
Revit.Elements.Grid.Curve,Autodesk.DesignScript.Geometry.Curve.StartPoint,0,0,Revit
Autodesk.DesignScript.Geometry.Curve.StartPoint,DSCore.List.FirstItem@var[]..[],1,1,Autodesk
DSCore.List.FirstItem@var[]..[],Autodesk.DesignScript.Geometry.Line.ByStartPointEndPoint@Autodesk.DesignScript.Geometry.Point_Autodesk.DesignScript.Geometry.Point,0,0,DSCore
DSCore.List.LastItem@var[]..[],Autodesk.DesignScript.Geometry.Line.ByStartPointEndPoint@Autodesk.DesignScript.Geometry.Point_Autodesk.DesignScript.Geometry.Point,0,0,DSCore
Autodesk.DesignScript.Geometry.Line.ByStartPointEndPoint@Autodesk.DesignScript.Geometry.Point_Autodesk.DesignScript.Geometry.Point,Autodesk.DesignScript.Geometry.Curve.Offset@double,0,0,Autodesk
Autodesk.DesignScript.Geometry.Curve.StartPoint,DSCore.List.Flatten@var[]..[]_int,0,0,Autodesk
Revit.Elements.Element.Curves,Autodesk.DesignScript.Geometry.Curve.StartPoint,0,0,Revit
_DetailCurve.ByCurve+,Revit.Elements.Element.Curves,0,0,_DetailCurve
92960965-5bfc-41ab-9ceb-d61917dfe6c5,_DetailCurve.ByCurve+,0,0,92960965-5bfc-41ab-9ceb-d61917dfe6c5
Revit.Elements.Element.Curves,Autodesk.DesignScript.Geometry.Curve.StartPoint,0,0,Revit
Autodesk.DesignScript.Geometry.Curve.StartPoint,DSCore.List.Flatten@var[]..[]_int,0,0,Autodesk
Revit.Elements.Element.Geometry,DSCore.List.Flatten@var[]..[]_int,1,0,Revit
DSCore.Math.Sum@double[],_Mass_Addition,1,0,DSCore
DSCore.List.Flatten@var[]..[]_int,DSCore.Math.Sum@double[],1,0,DSCore
DSCore.List.Flatten@var[]..[]_int,_List.FilterByString,1,0,DSCore
_List.FilterByString,DSCore.List.Flatten@var[]..[]_int,1,0,_List
DSCore.List.Flatten@var[]..[]_int,Autodesk.DesignScript.Geometry.Solid.ByUnion@Autodesk.DesignScript.Geometry.Solid[],1,0,DSCore
036abfeb-d77d-40e7-8be0-78a41034d11d,DSCore.String.Contains@string_string_bool,1,1,036abfeb-d77d-40e7-8be0-78a41034d11d
DSCore.IO.FileSystem.FileName@string_bool,DSCore.String.Replace@string_string_string,0,0,DSCore
DSCore.List.Transpose@var[]..[],DSOffice.Data.ExportExcel@string_string_int_int_var[][]_bool,0,0,DSCore
DSCore.String.Replace@string_string_string,DSCore.String.Split@string_string[],0,0,DSCore
DSCore.String.Contains@string_string_bool,DSCore.List.FilterByBoolMask@var[]..[]_var[]..[],0,0,DSCore
DSCore.List.FilterByBoolMask@var[]..[]_var[]..[],DSCore.IO.FileSystem.FileName@string_bool,1,1,DSCore
Autodesk.DesignScript.Geometry.PolySurface.Surfaces,Autodesk.DesignScript.Geometry.Surface.NormalAtParameter@double_double,1,1,Autodesk
Autodesk.DesignScript.Geometry.PolySurface.ByLoft@Autodesk.DesignScript.Geometry.Curve[],Autodesk.DesignScript.Geometry.PolySurface.Surfaces,0,0,Autodesk
Revit.Elements.CurveElement.Curve,Autodesk.DesignScript.Geometry.PolySurface.ByLoft@Autodesk.DesignScript.Geometry.Curve[],0,0,Revit
Autodesk.DesignScript.Geometry.Geometry.Translate@Autodesk.DesignScript.Geometry.Vector_double,fd584cb1-8b89-47b9-bf78-d7fb8912ff98,0,0,Autodesk
Autodesk.DesignScript.Geometry.Surface.NormalAtParameter@double_double,Autodesk.DesignScript.Geometry.Geometry.Translate@Autodesk.DesignScript.Geometry.Vector_double,1,1,Autodesk
Autodesk.DesignScript.Geometry.Geometry.Translate@Autodesk.DesignScript.Geometry.Vector_double,Autodesk.DesignScript.Geometry.Geometry.Translate@Autodesk.DesignScript.Geometry.Vector_double,1,1,Autodesk
DSCore.List.Flatten@var[]..[]_int,_Springs.FamilyInstance.ByGeometry,0,0,DSCore
Autodesk.DesignScript.Geometry.Curve.ExtrudeAsSolid@double,Autodesk.DesignScript.Geometry.Solid.Difference@Autodesk.DesignScript.Geometry.Solid,0,0,Autodesk
Autodesk.DesignScript.Geometry.Curve.ExtrudeAsSolid@double,Autodesk.DesignScript.Geometry.Solid.ByUnion@Autodesk.DesignScript.Geometry.Solid[],0,0,Autodesk
Autodesk.DesignScript.Geometry.Solid.ByUnion@Autodesk.DesignScript.Geometry.Solid[],Autodesk.DesignScript.Geometry.Solid.Difference@Autodesk.DesignScript.Geometry.Solid,0,0,Autodesk
_Element.IsOfType,DSCore.List.FilterByBoolMask@var[]..[]_var[]..[],0,0,_Element
_Element.IsOfType,DSCore.List.FilterByBoolMask@var[]..[]_var[]..[],0,0,_Element
Revit.Elements.Element.Geometry,Autodesk.DesignScript.Geometry.Geometry.DoesIntersect@Autodesk.DesignScript.Geometry.Geometry,0,0,Revit
DSCore.List.GroupByKey@var[]..[]_var[]..[],DSCore.List.FilterByBoolMask@var[]..[]_var[]..[],1,1,DSCore
DSCore.String.Contains@string_string_bool,DSCore.List.FilterByBoolMask@var[]..[]_var[]..[],0,0,DSCore
Revit.Elements.Element.GetParameterValueByName@string,DSCore.List.GroupByKey@var[]..[]_var[]..[],0,0,Revit
Revit.Elements.Element.GetParameterValueByName@string,DSCore.String.Contains@string_string_bool,0,0,Revit
Revit.Elements.Element.Geometry,Modifiers.GeometryColor.ByGeometryColor@Autodesk.DesignScript.Geometry.Geometry_DSCore.Color,1,1,Revit
DSCore.List.Sort@var[],_List.FilterByString,0,0,DSCore
DSCore.Color.ByARGB@int_int_int_int,Modifiers.GeometryColor.ByGeometryColor@Autodesk.DesignScript.Geometry.Geometry_DSCore.Color,0,0,DSCore
DSCore.List.Flatten@var[]..[]_int,_List.FilterByString,0,0,DSCore
_List.FilterByString,DSCore.List.Flatten@var[]..[]_int,0,0,_List
DSCore.List.Flatten@var[]..[]_int,Autodesk.DesignScript.Geometry.Solid.ByUnion@Autodesk.DesignScript.Geometry.Solid[],0,0,DSCore
DSOffice.Data.ImportCSV@string_bool,DSCore.List.GetItemAtIndex@var[]..[]_int,1,1,DSOffice
Lists.DataSets.CreateDataTable@string_string[]_var[][],MachineLearning.Classification.NaiveBayesClassifier@string[]_var_string[]_string_int,0,0,Lists
DSCore.List.GetItemAtIndex@var[]..[]_int,DSCore.List.GetItemAtIndex@var[]..[]_int,0,0,DSCore
DSCore.List.GetItemAtIndex@var[]..[]_int,DSCore.List.GetItemAtIndex@var[]..[]_int,0,0,DSCore
d46bc80c-81c9-49db-909f-d091d3f2617f,Revit.Elements.Element.GetParameterValueByName@string,0,0,d46bc80c-81c9-49db-909f-d091d3f2617f
Lists.DataSets.CreateDataTable@string_string[]_var[][],MachineLearning.Classification.NaiveBayesClassifier@string[]_var_string[]_string_int,0,0,Lists
DSCore.List.Transpose@var[]..[],Lists.DataSets.CreateDataTable@string_string[]_var[][],0,0,DSCore
DSCore.List.Transpose@var[]..[],Lists.DataSets.CreateDataTable@string_string[]_var[][],0,0,DSCore
Revit.Elements.FamilyType.Name,DSCore.String.StartsWith@string_string_bool,0,0,Revit
DSCore.List.FilterByBoolMask@var[]..[]_var[]..[],Revit.Elements.Parameter.ParameterByName@Revit.Elements.Element_string,1,1,DSCore
DSCore.String.StartsWith@string_string_bool,DSCore.List.FilterByBoolMask@var[]..[]_var[]..[],0,0,DSCore
DSCore.String.Contains@string_string_bool,DSCore.List.FilterByBoolMask@var[]..[]_var[]..[],0,0,DSCore
DSCore.List.FilterByBoolMask@var[]..[]_var[]..[],Revit.Elements.Element.SetParameterByName@string_var,0,0,DSCore
DSCore.List.FilterByBoolMask@var[]..[]_var[]..[],Revit.Elements.Element.SetParameterByName@string_var,0,0,DSCore
DSCore.String.Contains@string_string_bool,DSCore.List.FilterByBoolMask@var[]..[]_var[]..[],0,0,DSCore
DSCore.List.FilterByBoolMask@var[]..[]_var[]..[],Revit.Elements.Element.SetParameterByName@string_var,0,0,DSCore
DSCore.String.Contains@string_string_bool,DSCore.List.FilterByBoolMask@var[]..[]_var[]..[],0,0,DSCore
DSCore.List.FilterByBoolMask@var[]..[]_var[]..[],Revit.Elements.Element.SetParameterByName@string_var,0,0,DSCore
DSCore.String.Contains@string_string_bool,DSCore.List.FilterByBoolMask@var[]..[]_var[]..[],0,0,DSCore
DSCore.List.FilterByBoolMask@var[]..[]_var[]..[],Revit.Elements.Element.SetParameterByName@string_var,0,0,DSCore
DSCore.String.Contains@string_string_bool,DSCore.List.FilterByBoolMask@var[]..[]_var[]..[],0,0,DSCore
DSCore.List.FilterByBoolMask@var[]..[]_var[]..[],Revit.Elements.Element.SetParameterByName@string_var,0,0,DSCore
DSCore.String.Contains@string_string_bool,DSCore.List.FilterByBoolMask@var[]..[]_var[]..[],0,0,DSCore
DSCore.List.FilterByBoolMask@var[]..[]_var[]..[],Revit.Elements.Element.SetParameterByName@string_var,0,0,DSCore
DSCore.String.Contains@string_string_bool,DSCore.List.FilterByBoolMask@var[]..[]_var[]..[],0,0,DSCore
DSCore.List.FilterByBoolMask@var[]..[]_var[]..[],Revit.Elements.Element.SetParameterByName@string_var,0,0,DSCore
DSCore.String.Contains@string_string_bool,DSCore.List.FilterByBoolMask@var[]..[]_var[]..[],0,0,DSCore
DSCore.List.FilterByBoolMask@var[]..[]_var[]..[],Revit.Elements.Element.SetParameterByName@string_var,0,0,DSCore
DSCore.String.Contains@string_string_bool,DSCore.List.FilterByBoolMask@var[]..[]_var[]..[],0,0,DSCore
DSCore.List.FilterByBoolMask@var[]..[]_var[]..[],Revit.Elements.Element.SetParameterByName@string_var,0,0,DSCore
DSCore.String.Contains@string_string_bool,DSCore.List.FilterByBoolMask@var[]..[]_var[]..[],0,0,DSCore
Autodesk.DesignScript.Geometry.Geometry.BoundingBox,Autodesk.DesignScript.Geometry.BoundingBox.Contains@Autodesk.DesignScript.Geometry.Point,0,0,Autodesk
_Element.IsOfCategory,DSCore.List.FilterByBoolMask@var[]..[]_var[]..[],0,0,_Element
DSCore.List.Flatten@var[]..[]_int,_Springs.Form.ByGeometry,0,0,DSCore
Autodesk.DesignScript.Geometry.Point.ByCoordinates@double_double_double,Autodesk.DesignScript.Geometry.Line.ByStartPointEndPoint@Autodesk.DesignScript.Geometry.Point_Autodesk.DesignScript.Geometry.Point,0,0,Autodesk
Autodesk.DesignScript.Geometry.Point.ByCoordinates@double_double_double,Autodesk.DesignScript.Geometry.Line.ByStartPointEndPoint@Autodesk.DesignScript.Geometry.Point_Autodesk.DesignScript.Geometry.Point,0,0,Autodesk
